tile_id,filename
0,(blank/black ˇX not saved)
1,tile_0001.png
2,tile_0002.png
3,tile_0003.png
4,tile_0004.png
5,tile_0005.png
6,tile_0006.png
7,tile_0007.png
8,tile_0008.png
9,tile_0009.png
10,tile_0010.png
11,tile_0011.png
12,tile_0012.png
13,tile_0013.png
14,tile_0014.png
15,tile_0015.png
16,tile_0016.png
17,tile_0017.png
18,tile_0018.png
19,tile_0019.png
20,tile_0020.png
21,tile_0021.png
22,tile_0022.png
23,tile_0023.png
24,tile_0024.png
25,tile_0025.png
26,tile_0026.png
27,tile_0027.png
28,tile_0028.png
29,tile_0029.png
30,tile_0030.png
31,tile_0031.png
32,tile_0032.png
33,tile_0033.png
34,tile_0034.png
35,tile_0035.png
36,tile_0036.png
37,tile_0037.png
38,tile_0038.png
39,tile_0039.png
40,tile_0040.png
41,tile_0041.png
42,tile_0042.png
43,tile_0043.png
44,tile_0044.png
45,tile_0045.png
46,tile_0046.png
47,tile_0047.png
48,tile_0048.png
49,tile_0049.png
50,tile_0050.png
51,tile_0051.png
52,tile_0052.png
53,tile_0053.png
54,tile_0054.png
55,tile_0055.png
56,tile_0056.png
57,tile_0057.png
58,tile_0058.png
59,tile_0059.png
60,tile_0060.png
61,tile_0061.png
62,tile_0062.png
63,tile_0063.png
64,tile_0064.png
65,tile_0065.png
66,tile_0066.png
67,tile_0067.png
68,tile_0068.png
69,tile_0069.png
70,tile_0070.png
71,tile_0071.png
72,tile_0072.png
73,tile_0073.png
74,tile_0074.png
75,tile_0075.png
76,tile_0076.png
77,tile_0077.png
78,tile_0078.png
79,tile_0079.png
80,tile_0080.png
81,tile_0081.png
82,tile_0082.png
83,tile_0083.png
84,tile_0084.png
85,tile_0085.png
86,tile_0086.png
87,tile_0087.png
88,tile_0088.png
89,tile_0089.png
90,tile_0090.png
91,tile_0091.png
92,tile_0092.png
93,tile_0093.png
94,tile_0094.png
95,tile_0095.png
